{
    "packages": [
        {
            "name": "atgp/factur-x",
            "version": "v1.0.5",
            "version_normalized": "1.0.5.0",
            "source": {
                "type": "git",
                "url": "https://github.com/atgp/factur-x.git",
                "reference": "1f5bb1883669157477a3c17a7e573bdcb61e75e5"
            },
            "dist": {
                "type": "zip",
                "url": "https://api.github.com/repos/atgp/factur-x/zipball/1f5bb1883669157477a3c17a7e573bdcb61e75e5",
                "reference": "1f5bb1883669157477a3c17a7e573bdcb61e75e5",
                "shasum": ""
            },
            "require": {
                "ext-dom": "*",
                "ext-fileinfo": "*",
                "ext-libxml": "*",
                "ext-simplexml": "*",
                "ext-zlib": "*",
                "php": ">=5.6",
                "setasign/fpdf": "^1.8",
                "setasign/fpdi": "^2.0",
                "smalot/pdfparser": "^0.19.0"
            },
            "time": "2023-06-22T11:57:10+00:00",
            "type": "library",
            "installation-source": "dist",
            "autoload": {
                "psr-4": {
                    "Atgp\\FacturX\\": "src/"
                }
            },
            "notification-url": "https://packagist.org/downloads/",
            "license": [
                "MIT"
            ],
            "authors": [
                {
                    "name": "Lucas Gouy-Pailler",
                    "email": "lucas.gouypailler@atgp.net"
                }
            ],
            "description": "PHP library to manage your Factur-X / ZUGFeRD 2.0 PDF invoices files",
            "keywords": [
                "ZUGFeRD",
                "factur-x",
                "invoice",
                "pdf",
                "php",
                "xml"
            ],
            "support": {
                "issues": "https://github.com/atgp/factur-x/issues",
                "source": "https://github.com/atgp/factur-x/tree/v1.0.5"
            },
            "install-path": "../atgp/factur-x"
        },
        {
            "name": "setasign/fpdf",
            "version": "1.8.6",
            "version_normalized": "1.8.6.0",
            "source": {
                "type": "git",
                "url": "https://github.com/Setasign/FPDF.git",
                "reference": "0838e0ee4925716fcbbc50ad9e1799b5edfae0a0"
            },
            "dist": {
                "type": "zip",
                "url": "https://api.github.com/repos/Setasign/FPDF/zipball/0838e0ee4925716fcbbc50ad9e1799b5edfae0a0",
                "reference": "0838e0ee4925716fcbbc50ad9e1799b5edfae0a0",
                "shasum": ""
            },
            "require": {
                "ext-gd": "*",
                "ext-zlib": "*"
            },
            "time": "2023-06-26T14:44:25+00:00",
            "type": "library",
            "installation-source": "dist",
            "autoload": {
                "classmap": [
                    "fpdf.php"
                ]
            },
            "notification-url": "https://packagist.org/downloads/",
            "license": [
                "MIT"
            ],
            "authors": [
                {
                    "name": "Olivier Plathey",
                    "email": "oliver@fpdf.org",
                    "homepage": "http://fpdf.org/"
                }
            ],
            "description": "FPDF is a PHP class which allows to generate PDF files with pure PHP. F from FPDF stands for Free: you may use it for any kind of usage and modify it to suit your needs.",
            "homepage": "http://www.fpdf.org",
            "keywords": [
                "fpdf",
                "pdf"
            ],
            "support": {
                "source": "https://github.com/Setasign/FPDF/tree/1.8.6"
            },
            "install-path": "../setasign/fpdf"
        },
        {
            "name": "setasign/fpdi",
            "version": "v2.3.7",
            "version_normalized": "2.3.7.0",
            "source": {
                "type": "git",
                "url": "https://github.com/Setasign/FPDI.git",
                "reference": "bccc892d5fa1f48c43f8ba7db5ed4ba6f30c8c05"
            },
            "dist": {
                "type": "zip",
                "url": "https://api.github.com/repos/Setasign/FPDI/zipball/bccc892d5fa1f48c43f8ba7db5ed4ba6f30c8c05",
                "reference": "bccc892d5fa1f48c43f8ba7db5ed4ba6f30c8c05",
                "shasum": ""
            },
            "require": {
                "ext-zlib": "*",
                "php": "^5.6 || ^7.0 || ^8.0"
            },
            "conflict": {
                "setasign/tfpdf": "<1.31"
            },
            "require-dev": {
                "phpunit/phpunit": "~5.7",
                "setasign/fpdf": "~1.8",
                "setasign/tfpdf": "1.31",
                "squizlabs/php_codesniffer": "^3.5",
                "tecnickcom/tcpdf": "~6.2"
            },
            "suggest": {
                "setasign/fpdf": "FPDI will extend this class but as it is also possible to use TCPDF or tFPDF as an alternative. There's no fixed dependency configured."
            },
            "time": "2023-02-09T10:38:43+00:00",
            "type": "library",
            "installation-source": "dist",
            "autoload": {
                "psr-4": {
                    "setasign\\Fpdi\\": "src/"
                }
            },
            "notification-url": "https://packagist.org/downloads/",
            "license": [
                "MIT"
            ],
            "authors": [
                {
                    "name": "Jan Slabon",
                    "email": "jan.slabon@setasign.com",
                    "homepage": "https://www.setasign.com"
                },
                {
                    "name": "Maximilian Kresse",
                    "email": "maximilian.kresse@setasign.com",
                    "homepage": "https://www.setasign.com"
                }
            ],
            "description": "FPDI is a collection of PHP classes facilitating developers to read pages from existing PDF documents and use them as templates in FPDF. Because it is also possible to use FPDI with TCPDF, there are no fixed dependencies defined. Please see suggestions for packages which evaluates the dependencies automatically.",
            "homepage": "https://www.setasign.com/fpdi",
            "keywords": [
                "fpdf",
                "fpdi",
                "pdf"
            ],
            "support": {
                "issues": "https://github.com/Setasign/FPDI/issues",
                "source": "https://github.com/Setasign/FPDI/tree/v2.3.7"
            },
            "funding": [
                {
                    "url": "https://tidelift.com/funding/github/packagist/setasign/fpdi",
                    "type": "tidelift"
                }
            ],
            "install-path": "../setasign/fpdi"
        },
        {
            "name": "smalot/pdfparser",
            "version": "v0.19.0",
            "version_normalized": "0.19.0.0",
            "source": {
                "type": "git",
                "url": "https://github.com/smalot/pdfparser.git",
                "reference": "1895c17417aefa4508e35836c46da61988d61f26"
            },
            "dist": {
                "type": "zip",
                "url": "https://api.github.com/repos/smalot/pdfparser/zipball/1895c17417aefa4508e35836c46da61988d61f26",
                "reference": "1895c17417aefa4508e35836c46da61988d61f26",
                "shasum": ""
            },
            "require": {
                "ext-zlib": "*",
                "php": ">=5.6",
                "symfony/polyfill-mbstring": "^1.18"
            },
            "require-dev": {
                "friendsofphp/php-cs-fixer": "^2.16",
                "symfony/phpunit-bridge": "^5.2"
            },
            "time": "2021-04-13T08:27:56+00:00",
            "type": "library",
            "installation-source": "dist",
            "autoload": {
                "psr-0": {
                    "Smalot\\PdfParser\\": "src/"
                }
            },
            "notification-url": "https://packagist.org/downloads/",
            "license": [
                "LGPL-3.0"
            ],
            "authors": [
                {
                    "name": "Sebastien MALOT",
                    "email": "sebastien@malot.fr"
                }
            ],
            "description": "Pdf parser library. Can read and extract information from pdf file.",
            "homepage": "https://www.pdfparser.org",
            "keywords": [
                "extract",
                "parse",
                "parser",
                "pdf",
                "text"
            ],
            "support": {
                "issues": "https://github.com/smalot/pdfparser/issues",
                "source": "https://github.com/smalot/pdfparser/tree/v0.19.0"
            },
            "install-path": "../smalot/pdfparser"
        },
        {
            "name": "symfony/polyfill-mbstring",
            "version": "v1.27.0",
            "version_normalized": "1.27.0.0",
            "source": {
                "type": "git",
                "url": "https://github.com/symfony/polyfill-mbstring.git",
                "reference": "8ad114f6b39e2c98a8b0e3bd907732c207c2b534"
            },
            "dist": {
                "type": "zip",
                "url": "https://api.github.com/repos/symfony/polyfill-mbstring/zipball/8ad114f6b39e2c98a8b0e3bd907732c207c2b534",
                "reference": "8ad114f6b39e2c98a8b0e3bd907732c207c2b534",
                "shasum": ""
            },
            "require": {
                "php": ">=7.1"
            },
            "provide": {
                "ext-mbstring": "*"
            },
            "suggest": {
                "ext-mbstring": "For best performance"
            },
            "time": "2022-11-03T14:55:06+00:00",
            "type": "library",
            "extra": {
                "branch-alias": {
                    "dev-main": "1.27-dev"
                },
                "thanks": {
                    "name": "symfony/polyfill",
                    "url": "https://github.com/symfony/polyfill"
                }
            },
            "installation-source": "dist",
            "autoload": {
                "files": [
                    "bootstrap.php"
                ],
                "psr-4": {
                    "Symfony\\Polyfill\\Mbstring\\": ""
                }
            },
            "notification-url": "https://packagist.org/downloads/",
            "license": [
                "MIT"
            ],
            "authors": [
                {
                    "name": "Nicolas Grekas",
                    "email": "p@tchwork.com"
                },
                {
                    "name": "Symfony Community",
                    "homepage": "https://symfony.com/contributors"
                }
            ],
            "description": "Symfony polyfill for the Mbstring extension",
            "homepage": "https://symfony.com",
            "keywords": [
                "compatibility",
                "mbstring",
                "polyfill",
                "portable",
                "shim"
            ],
            "support": {
                "source": "https://github.com/symfony/polyfill-mbstring/tree/v1.27.0"
            },
            "funding": [
                {
                    "url": "https://symfony.com/sponsor",
                    "type": "custom"
                },
                {
                    "url": "https://github.com/fabpot",
                    "type": "github"
                },
                {
                    "url": "https://tidelift.com/funding/github/packagist/symfony/symfony",
                    "type": "tidelift"
                }
            ],
            "install-path": "../symfony/polyfill-mbstring"
        }
    ],
    "dev": true,
    "dev-package-names": []
}
